CREATE TABLE IF NOT EXISTS "accounts_user" ("id" integer NOT NULL PRIMARY KEY AUTOINCREMENT, "password" varchar(128) NOT NULL, "last_login" datetime NULL, "email" varchar(255) NOT NULL UNIQUE, "first_name" varchar(50) NOT NULL, "last_name" varchar(50) NOT NULL, "role" varchar(10) NOT NULL, "is_active" bool NOT NULL, "staff" bool NOT NULL, "superuser" bool NOT NULL, "admin" bool NOT NULL, "created" datetime NOT NULL, "updated" datetime NOT NULL);
INSERT INTO "accounts_user" VALUES(10961,'pbkdf2_sha256$260000$jQHtzUPrN0QqiSEkYpx2Ti$Jg+TYK7o2+4Laps9YzxjBdjj0wcrVMVBydzzZNbSprs=','2022-03-31 14:36:56.850338','admin@gmail.com','','','',1,1,1,1,'2022-03-31 14:36:37.805493','2022-03-31 14:36:38.636562');
INSERT INTO "accounts_user" VALUES(62173,'pbkdf2_sha256$260000$Pmv15oO9YBvkSBlOa9XLqQ$0NPmy8myejahbzxLQ2LifxYeIQ48Hs8GO/EApw5w4/o=',NULL,'s1@gmail.com','John','Bolt','student',1,0,0,0,'2022-03-31 14:37:08.939805','2022-03-31 14:37:16.081060');
CREATE UNIQUE INDEX "django_content_type_app_label_model_76bd3d3b_uniq" ON "django_content_type" ("app_label", "model");
CREATE UNIQUE INDEX "auth_group_permissions_group_id_permission_id_0cd325b0_uniq" ON "auth_group_permissions" ("group_id", "permission_id");
CREATE INDEX IF NOT EXISTS "auth_group_permissions_group_id_b120cbf9" ON "auth_group_permissions" ("group_id");
CREATE INDEX IF NOT EXISTS "auth_group_permissions_permission_id_84c5c92e" ON "auth_group_permissions" ("permission_id");
CREATE UNIQUE INDEX "auth_permission_content_type_id_codename_01ab375a_uniq" ON "auth_permission" ("content_type_id", "codename");
CREATE INDEX IF NOT EXISTS "auth_permission_content_type_id_2f476e4b" ON "auth_permission" ("content_type_id");
CREATE UNIQUE INDEX "accounts_user_groups_user_id_group_id_59c0b32f_uniq" ON "accounts_user_groups" ("user_id", "group_id");
CREATE INDEX IF NOT EXISTS "accounts_user_groups_user_id_52b62117" ON "accounts_user_groups" ("user_id");
CREATE INDEX IF NOT EXISTS "accounts_user_groups_group_id_bd11a704" ON "accounts_user_groups" ("group_id");
CREATE UNIQUE INDEX "accounts_user_user_permissions_user_id_permission_id_2ab516c2_uniq" ON "accounts_user_user_permissions" ("user_id", "permission_id");
CREATE INDEX IF NOT EXISTS "accounts_user_user_permissions_user_id_e4f0a161" ON "accounts_user_user_permissions" ("user_id");
CREATE INDEX IF NOT EXISTS "accounts_user_user_permissions_permission_id_113bb443" ON "accounts_user_user_permissions" ("permission_id");
CREATE INDEX IF NOT EXISTS "django_admin_log_content_type_id_c4bce8eb" ON "django_admin_log" ("content_type_id");
CREATE INDEX IF NOT EXISTS "django_admin_log_user_id_c564eba6" ON "django_admin_log" ("user_id");
CREATE INDEX IF NOT EXISTS "lessons_pack_language_id_d2e99141" ON "lessons_pack" ("language_id");
CREATE INDEX IF NOT EXISTS "profiles_teacher_category_id_cda5cadd" ON "profiles_teacher" ("category_id");
CREATE INDEX IF NOT EXISTS "schedules_purchasedpackage_pack_id_f8a76ca5" ON "schedules_purchasedpackage" ("pack_id");
CREATE INDEX IF NOT EXISTS "schedules_purchasedpackage_student_id_7909997b" ON "schedules_purchasedpackage" ("student_id");
CREATE UNIQUE INDEX "schedules_task_teacher_id_date_0749fa47_uniq" ON "schedules_task" ("teacher_id", "date");
CREATE UNIQUE INDEX "schedules_task_student_id_date_a38e15ea_uniq" ON "schedules_task" ("student_id", "date");
CREATE INDEX IF NOT EXISTS "schedules_task_student_id_afae71d0" ON "schedules_task" ("student_id");
CREATE INDEX IF NOT EXISTS "schedules_task_teacher_id_d9220797" ON "schedules_task" ("teacher_id");
CREATE INDEX IF NOT EXISTS "django_session_expire_date_a5c62663" ON "django_session" ("expire_date");
CREATE TABLE IF NOT EXISTS "accounts_user_groups" ("id" integer NOT NULL PRIMARY KEY AUTOINCREMENT, "user_id" bigint NOT NULL REFERENCES "accounts_user" ("id") DEFERRABLE INITIALLY DEFERRED, "group_id" integer NOT NULL REFERENCES "auth_group" ("id") DEFERRABLE INITIALLY DEFERRED);
CREATE UNIQUE INDEX "django_content_type_app_label_model_76bd3d3b_uniq" ON "django_content_type" ("app_label", "model");
CREATE UNIQUE INDEX "auth_group_permissions_group_id_permission_id_0cd325b0_uniq" ON "auth_group_permissions" ("group_id", "permission_id");
CREATE INDEX IF NOT EXISTS "auth_group_permissions_group_id_b120cbf9" ON "auth_group_permissions" ("group_id");
CREATE INDEX IF NOT EXISTS "auth_group_permissions_permission_id_84c5c92e" ON "auth_group_permissions" ("permission_id");
CREATE UNIQUE INDEX "auth_permission_content_type_id_codename_01ab375a_uniq" ON "auth_permission" ("content_type_id", "codename");
CREATE INDEX IF NOT EXISTS "auth_permission_content_type_id_2f476e4b" ON "auth_permission" ("content_type_id");
CREATE UNIQUE INDEX "accounts_user_groups_user_id_group_id_59c0b32f_uniq" ON "accounts_user_groups" ("user_id", "group_id");
CREATE INDEX IF NOT EXISTS "accounts_user_groups_user_id_52b62117" ON "accounts_user_groups" ("user_id");
CREATE INDEX IF NOT EXISTS "accounts_user_groups_group_id_bd11a704" ON "accounts_user_groups" ("group_id");
CREATE UNIQUE INDEX "accounts_user_user_permissions_user_id_permission_id_2ab516c2_uniq" ON "accounts_user_user_permissions" ("user_id", "permission_id");
CREATE INDEX IF NOT EXISTS "accounts_user_user_permissions_user_id_e4f0a161" ON "accounts_user_user_permissions" ("user_id");
CREATE INDEX IF NOT EXISTS "accounts_user_user_permissions_permission_id_113bb443" ON "accounts_user_user_permissions" ("permission_id");
CREATE INDEX IF NOT EXISTS "django_admin_log_content_type_id_c4bce8eb" ON "django_admin_log" ("content_type_id");
CREATE INDEX IF NOT EXISTS "django_admin_log_user_id_c564eba6" ON "django_admin_log" ("user_id");
CREATE INDEX IF NOT EXISTS "lessons_pack_language_id_d2e99141" ON "lessons_pack" ("language_id");
CREATE INDEX IF NOT EXISTS "profiles_teacher_category_id_cda5cadd" ON "profiles_teacher" ("category_id");
CREATE INDEX IF NOT EXISTS "schedules_purchasedpackage_pack_id_f8a76ca5" ON "schedules_purchasedpackage" ("pack_id");
CREATE INDEX IF NOT EXISTS "schedules_purchasedpackage_student_id_7909997b" ON "schedules_purchasedpackage" ("student_id");
CREATE UNIQUE INDEX "schedules_task_teacher_id_date_0749fa47_uniq" ON "schedules_task" ("teacher_id", "date");
CREATE UNIQUE INDEX "schedules_task_student_id_date_a38e15ea_uniq" ON "schedules_task" ("student_id", "date");
CREATE INDEX IF NOT EXISTS "schedules_task_student_id_afae71d0" ON "schedules_task" ("student_id");
CREATE INDEX IF NOT EXISTS "schedules_task_teacher_id_d9220797" ON "schedules_task" ("teacher_id");
CREATE INDEX IF NOT EXISTS "django_session_expire_date_a5c62663" ON "django_session" ("expire_date");
CREATE TABLE IF NOT EXISTS "accounts_user_user_permissions" ("id" integer NOT NULL PRIMARY KEY AUTOINCREMENT, "user_id" bigint NOT NULL REFERENCES "accounts_user" ("id") DEFERRABLE INITIALLY DEFERRED, "permission_id" integer NOT NULL REFERENCES "auth_permission" ("id") DEFERRABLE INITIALLY DEFERRED);
CREATE UNIQUE INDEX "django_content_type_app_label_model_76bd3d3b_uniq" ON "django_content_type" ("app_label", "model");
CREATE UNIQUE INDEX "auth_group_permissions_group_id_permission_id_0cd325b0_uniq" ON "auth_group_permissions" ("group_id", "permission_id");
CREATE INDEX IF NOT EXISTS "auth_group_permissions_group_id_b120cbf9" ON "auth_group_permissions" ("group_id");
CREATE INDEX IF NOT EXISTS "auth_group_permissions_permission_id_84c5c92e" ON "auth_group_permissions" ("permission_id");
CREATE UNIQUE INDEX "auth_permission_content_type_id_codename_01ab375a_uniq" ON "auth_permission" ("content_type_id", "codename");
CREATE INDEX IF NOT EXISTS "auth_permission_content_type_id_2f476e4b" ON "auth_permission" ("content_type_id");
CREATE UNIQUE INDEX "accounts_user_groups_user_id_group_id_59c0b32f_uniq" ON "accounts_user_groups" ("user_id", "group_id");
CREATE INDEX IF NOT EXISTS "accounts_user_groups_user_id_52b62117" ON "accounts_user_groups" ("user_id");
CREATE INDEX IF NOT EXISTS "accounts_user_groups_group_id_bd11a704" ON "accounts_user_groups" ("group_id");
CREATE UNIQUE INDEX "accounts_user_user_permissions_user_id_permission_id_2ab516c2_uniq" ON "accounts_user_user_permissions" ("user_id", "permission_id");
CREATE INDEX IF NOT EXISTS "accounts_user_user_permissions_user_id_e4f0a161" ON "accounts_user_user_permissions" ("user_id");
CREATE INDEX IF NOT EXISTS "accounts_user_user_permissions_permission_id_113bb443" ON "accounts_user_user_permissions" ("permission_id");
CREATE INDEX IF NOT EXISTS "django_admin_log_content_type_id_c4bce8eb" ON "django_admin_log" ("content_type_id");
CREATE INDEX IF NOT EXISTS "django_admin_log_user_id_c564eba6" ON "django_admin_log" ("user_id");
CREATE INDEX IF NOT EXISTS "lessons_pack_language_id_d2e99141" ON "lessons_pack" ("language_id");
CREATE INDEX IF NOT EXISTS "profiles_teacher_category_id_cda5cadd" ON "profiles_teacher" ("category_id");
CREATE INDEX IF NOT EXISTS "schedules_purchasedpackage_pack_id_f8a76ca5" ON "schedules_purchasedpackage" ("pack_id");
CREATE INDEX IF NOT EXISTS "schedules_purchasedpackage_student_id_7909997b" ON "schedules_purchasedpackage" ("student_id");
CREATE UNIQUE INDEX "schedules_task_teacher_id_date_0749fa47_uniq" ON "schedules_task" ("teacher_id", "date");
CREATE UNIQUE INDEX "schedules_task_student_id_date_a38e15ea_uniq" ON "schedules_task" ("student_id", "date");
CREATE INDEX IF NOT EXISTS "schedules_task_student_id_afae71d0" ON "schedules_task" ("student_id");
CREATE INDEX IF NOT EXISTS "schedules_task_teacher_id_d9220797" ON "schedules_task" ("teacher_id");
CREATE INDEX IF NOT EXISTS "django_session_expire_date_a5c62663" ON "django_session" ("expire_date");
CREATE TABLE IF NOT EXISTS "auth_group" ("id" integer NOT NULL PRIMARY KEY AUTOINCREMENT, "name" varchar(150) NOT NULL UNIQUE);
CREATE UNIQUE INDEX "django_content_type_app_label_model_76bd3d3b_uniq" ON "django_content_type" ("app_label", "model");
CREATE UNIQUE INDEX "auth_group_permissions_group_id_permission_id_0cd325b0_uniq" ON "auth_group_permissions" ("group_id", "permission_id");
CREATE INDEX IF NOT EXISTS "auth_group_permissions_group_id_b120cbf9" ON "auth_group_permissions" ("group_id");
CREATE INDEX IF NOT EXISTS "auth_group_permissions_permission_id_84c5c92e" ON "auth_group_permissions" ("permission_id");
CREATE UNIQUE INDEX "auth_permission_content_type_id_codename_01ab375a_uniq" ON "auth_permission" ("content_type_id", "codename");
CREATE INDEX IF NOT EXISTS "auth_permission_content_type_id_2f476e4b" ON "auth_permission" ("content_type_id");
CREATE UNIQUE INDEX "accounts_user_groups_user_id_group_id_59c0b32f_uniq" ON "accounts_user_groups" ("user_id", "group_id");
CREATE INDEX IF NOT EXISTS "accounts_user_groups_user_id_52b62117" ON "accounts_user_groups" ("user_id");
CREATE INDEX IF NOT EXISTS "accounts_user_groups_group_id_bd11a704" ON "accounts_user_groups" ("group_id");
CREATE UNIQUE INDEX "accounts_user_user_permissions_user_id_permission_id_2ab516c2_uniq" ON "accounts_user_user_permissions" ("user_id", "permission_id");
CREATE INDEX IF NOT EXISTS "accounts_user_user_permissions_user_id_e4f0a161" ON "accounts_user_user_permissions" ("user_id");
CREATE INDEX IF NOT EXISTS "accounts_user_user_permissions_permission_id_113bb443" ON "accounts_user_user_permissions" ("permission_id");
CREATE INDEX IF NOT EXISTS "django_admin_log_content_type_id_c4bce8eb" ON "django_admin_log" ("content_type_id");
CREATE INDEX IF NOT EXISTS "django_admin_log_user_id_c564eba6" ON "django_admin_log" ("user_id");
CREATE INDEX IF NOT EXISTS "lessons_pack_language_id_d2e99141" ON "lessons_pack" ("language_id");
CREATE INDEX IF NOT EXISTS "profiles_teacher_category_id_cda5cadd" ON "profiles_teacher" ("category_id");
CREATE INDEX IF NOT EXISTS "schedules_purchasedpackage_pack_id_f8a76ca5" ON "schedules_purchasedpackage" ("pack_id");
CREATE INDEX IF NOT EXISTS "schedules_purchasedpackage_student_id_7909997b" ON "schedules_purchasedpackage" ("student_id");
CREATE UNIQUE INDEX "schedules_task_teacher_id_date_0749fa47_uniq" ON "schedules_task" ("teacher_id", "date");
CREATE UNIQUE INDEX "schedules_task_student_id_date_a38e15ea_uniq" ON "schedules_task" ("student_id", "date");
CREATE INDEX IF NOT EXISTS "schedules_task_student_id_afae71d0" ON "schedules_task" ("student_id");
CREATE INDEX IF NOT EXISTS "schedules_task_teacher_id_d9220797" ON "schedules_task" ("teacher_id");
CREATE INDEX IF NOT EXISTS "django_session_expire_date_a5c62663" ON "django_session" ("expire_date");
CREATE TABLE IF NOT EXISTS "auth_group_permissions" ("id" integer NOT NULL PRIMARY KEY AUTOINCREMENT, "group_id" integer NOT NULL REFERENCES "auth_group" ("id") DEFERRABLE INITIALLY DEFERRED, "permission_id" integer NOT NULL REFERENCES "auth_permission" ("id") DEFERRABLE INITIALLY DEFERRED);
CREATE UNIQUE INDEX "django_content_type_app_label_model_76bd3d3b_uniq" ON "django_content_type" ("app_label", "model");
CREATE UNIQUE INDEX "auth_group_permissions_group_id_permission_id_0cd325b0_uniq" ON "auth_group_permissions" ("group_id", "permission_id");
CREATE INDEX IF NOT EXISTS "auth_group_permissions_group_id_b120cbf9" ON "auth_group_permissions" ("group_id");
CREATE INDEX IF NOT EXISTS "auth_group_permissions_permission_id_84c5c92e" ON "auth_group_permissions" ("permission_id");
CREATE UNIQUE INDEX "auth_permission_content_type_id_codename_01ab375a_uniq" ON "auth_permission" ("content_type_id", "codename");
CREATE INDEX IF NOT EXISTS "auth_permission_content_type_id_2f476e4b" ON "auth_permission" ("content_type_id");
CREATE UNIQUE INDEX "accounts_user_groups_user_id_group_id_59c0b32f_uniq" ON "accounts_user_groups" ("user_id", "group_id");
CREATE INDEX IF NOT EXISTS "accounts_user_groups_user_id_52b62117" ON "accounts_user_groups" ("user_id");
CREATE INDEX IF NOT EXISTS "accounts_user_groups_group_id_bd11a704" ON "accounts_user_groups" ("group_id");
CREATE UNIQUE INDEX "accounts_user_user_permissions_user_id_permission_id_2ab516c2_uniq" ON "accounts_user_user_permissions" ("user_id", "permission_id");
CREATE INDEX IF NOT EXISTS "accounts_user_user_permissions_user_id_e4f0a161" ON "accounts_user_user_permissions" ("user_id");
CREATE INDEX IF NOT EXISTS "accounts_user_user_permissions_permission_id_113bb443" ON "accounts_user_user_permissions" ("permission_id");
CREATE INDEX IF NOT EXISTS "django_admin_log_content_type_id_c4bce8eb" ON "django_admin_log" ("content_type_id");
CREATE INDEX IF NOT EXISTS "django_admin_log_user_id_c564eba6" ON "django_admin_log" ("user_id");
CREATE INDEX IF NOT EXISTS "lessons_pack_language_id_d2e99141" ON "lessons_pack" ("language_id");
CREATE INDEX IF NOT EXISTS "profiles_teacher_category_id_cda5cadd" ON "profiles_teacher" ("category_id");
CREATE INDEX IF NOT EXISTS "schedules_purchasedpackage_pack_id_f8a76ca5" ON "schedules_purchasedpackage" ("pack_id");
CREATE INDEX IF NOT EXISTS "schedules_purchasedpackage_student_id_7909997b" ON "schedules_purchasedpackage" ("student_id");
CREATE UNIQUE INDEX "schedules_task_teacher_id_date_0749fa47_uniq" ON "schedules_task" ("teacher_id", "date");
CREATE UNIQUE INDEX "schedules_task_student_id_date_a38e15ea_uniq" ON "schedules_task" ("student_id", "date");
CREATE INDEX IF NOT EXISTS "schedules_task_student_id_afae71d0" ON "schedules_task" ("student_id");
CREATE INDEX IF NOT EXISTS "schedules_task_teacher_id_d9220797" ON "schedules_task" ("teacher_id");
CREATE INDEX IF NOT EXISTS "django_session_expire_date_a5c62663" ON "django_session" ("expire_date");
CREATE TABLE IF NOT EXISTS "auth_permission" ("id" integer NOT NULL PRIMARY KEY AUTOINCREMENT, "content_type_id" integer NOT NULL REFERENCES "django_content_type" ("id") DEFERRABLE INITIALLY DEFERRED, "codename" varchar(100) NOT NULL, "name" varchar(255) NOT NULL);
INSERT INTO "auth_permission" VALUES(1,1,'add_logentry','Can add log entry');
INSERT INTO "auth_permission" VALUES(2,1,'change_logentry','Can change log entry');
INSERT INTO "auth_permission" VALUES(3,1,'delete_logentry','Can delete log entry');
INSERT INTO "auth_permission" VALUES(4,1,'view_logentry','Can view log entry');
INSERT INTO "auth_permission" VALUES(5,2,'add_permission','Can add permission');
INSERT INTO "auth_permission" VALUES(6,2,'change_permission','Can change permission');
INSERT INTO "auth_permission" VALUES(7,2,'delete_permission','Can delete permission');
INSERT INTO "auth_permission" VALUES(8,2,'view_permission','Can view permission');
INSERT INTO "auth_permission" VALUES(9,3,'add_group','Can add group');
INSERT INTO "auth_permission" VALUES(10,3,'change_group','Can change group');
INSERT INTO "auth_permission" VALUES(11,3,'delete_group','Can delete group');
INSERT INTO "auth_permission" VALUES(12,3,'view_group','Can view group');
INSERT INTO "auth_permission" VALUES(13,4,'add_contenttype','Can add content type');
INSERT INTO "auth_permission" VALUES(14,4,'change_contenttype','Can change content type');
INSERT INTO "auth_permission" VALUES(15,4,'delete_contenttype','Can delete content type');
INSERT INTO "auth_permission" VALUES(16,4,'view_contenttype','Can view content type');
INSERT INTO "auth_permission" VALUES(17,5,'add_session','Can add session');
INSERT INTO "auth_permission" VALUES(18,5,'change_session','Can change session');
INSERT INTO "auth_permission" VALUES(19,5,'delete_session','Can delete session');
INSERT INTO "auth_permission" VALUES(20,5,'view_session','Can view session');
INSERT INTO "auth_permission" VALUES(21,6,'add_teacher','Can add teacher');
INSERT INTO "auth_permission" VALUES(22,6,'change_teacher','Can change teacher');
INSERT INTO "auth_permission" VALUES(23,6,'delete_teacher','Can delete teacher');
INSERT INTO "auth_permission" VALUES(24,6,'view_teacher','Can view teacher');
INSERT INTO "auth_permission" VALUES(25,7,'add_student','Can add student');
INSERT INTO "auth_permission" VALUES(26,7,'change_student','Can change student');
INSERT INTO "auth_permission" VALUES(27,7,'delete_student','Can delete student');
INSERT INTO "auth_permission" VALUES(28,7,'view_student','Can view student');
INSERT INTO "auth_permission" VALUES(29,8,'add_category','Can add category');
INSERT INTO "auth_permission" VALUES(30,8,'change_category','Can change category');
INSERT INTO "auth_permission" VALUES(31,8,'delete_category','Can delete category');
INSERT INTO "auth_permission" VALUES(32,8,'view_category','Can view category');
INSERT INTO "auth_permission" VALUES(33,9,'add_magazines','Can add magazines');
INSERT INTO "auth_permission" VALUES(34,9,'change_magazines','Can change magazines');
INSERT INTO "auth_permission" VALUES(35,9,'delete_magazines','Can delete magazines');
INSERT INTO "auth_permission" VALUES(36,9,'view_magazines','Can view magazines');
INSERT INTO "auth_permission" VALUES(37,10,'add_supportandsales','Can add support and sales');
INSERT INTO "auth_permission" VALUES(38,10,'change_supportandsales','Can change support and sales');
INSERT INTO "auth_permission" VALUES(39,10,'delete_supportandsales','Can delete support and sales');
INSERT INTO "auth_permission" VALUES(40,10,'view_supportandsales','Can view support and sales');
INSERT INTO "auth_permission" VALUES(41,11,'add_pack','Can add pack');
INSERT INTO "auth_permission" VALUES(42,11,'change_pack','Can change pack');
INSERT INTO "auth_permission" VALUES(43,11,'delete_pack','Can delete pack');
INSERT INTO "auth_permission" VALUES(44,11,'view_pack','Can view pack');
INSERT INTO "auth_permission" VALUES(45,12,'add_purchasedpackage','Can add purchased package');
INSERT INTO "auth_permission" VALUES(46,12,'change_purchasedpackage','Can change purchased package');
INSERT INTO "auth_permission" VALUES(47,12,'delete_purchasedpackage','Can delete purchased package');
INSERT INTO "auth_permission" VALUES(48,12,'view_purchasedpackage','Can view purchased package');
INSERT INTO "auth_permission" VALUES(49,13,'add_task','Can add Booking');
INSERT INTO "auth_permission" VALUES(50,13,'change_task','Can change Booking');
INSERT INTO "auth_permission" VALUES(51,13,'delete_task','Can delete Booking');
INSERT INTO "auth_permission" VALUES(52,13,'view_task','Can view Booking');
INSERT INTO "auth_permission" VALUES(53,14,'add_user','Can add user');
INSERT INTO "auth_permission" VALUES(54,14,'change_user','Can change user');
INSERT INTO "auth_permission" VALUES(55,14,'delete_user','Can delete user');
INSERT INTO "auth_permission" VALUES(56,14,'view_user','Can view user');
INSERT INTO "auth_permission" VALUES(57,15,'add_background','Can add Photos');
INSERT INTO "auth_permission" VALUES(58,15,'change_background','Can change Photos');
INSERT INTO "auth_permission" VALUES(59,15,'delete_background','Can delete Photos');
INSERT INTO "auth_permission" VALUES(60,15,'view_background','Can view Photos');
CREATE UNIQUE INDEX "django_content_type_app_label_model_76bd3d3b_uniq" ON "django_content_type" ("app_label", "model");
CREATE UNIQUE INDEX "auth_group_permissions_group_id_permission_id_0cd325b0_uniq" ON "auth_group_permissions" ("group_id", "permission_id");
CREATE INDEX IF NOT EXISTS "auth_group_permissions_group_id_b120cbf9" ON "auth_group_permissions" ("group_id");
CREATE INDEX IF NOT EXISTS "auth_group_permissions_permission_id_84c5c92e" ON "auth_group_permissions" ("permission_id");
CREATE UNIQUE INDEX "auth_permission_content_type_id_codename_01ab375a_uniq" ON "auth_permission" ("content_type_id", "codename");
CREATE INDEX IF NOT EXISTS "auth_permission_content_type_id_2f476e4b" ON "auth_permission" ("content_type_id");
CREATE UNIQUE INDEX "accounts_user_groups_user_id_group_id_59c0b32f_uniq" ON "accounts_user_groups" ("user_id", "group_id");
CREATE INDEX IF NOT EXISTS "accounts_user_groups_user_id_52b62117" ON "accounts_user_groups" ("user_id");
CREATE INDEX IF NOT EXISTS "accounts_user_groups_group_id_bd11a704" ON "accounts_user_groups" ("group_id");
CREATE UNIQUE INDEX "accounts_user_user_permissions_user_id_permission_id_2ab516c2_uniq" ON "accounts_user_user_permissions" ("user_id", "permission_id");
CREATE INDEX IF NOT EXISTS "accounts_user_user_permissions_user_id_e4f0a161" ON "accounts_user_user_permissions" ("user_id");
CREATE INDEX IF NOT EXISTS "accounts_user_user_permissions_permission_id_113bb443" ON "accounts_user_user_permissions" ("permission_id");
CREATE INDEX IF NOT EXISTS "django_admin_log_content_type_id_c4bce8eb" ON "django_admin_log" ("content_type_id");
CREATE INDEX IF NOT EXISTS "django_admin_log_user_id_c564eba6" ON "django_admin_log" ("user_id");
CREATE INDEX IF NOT EXISTS "lessons_pack_language_id_d2e99141" ON "lessons_pack" ("language_id");
CREATE INDEX IF NOT EXISTS "profiles_teacher_category_id_cda5cadd" ON "profiles_teacher" ("category_id");
CREATE INDEX IF NOT EXISTS "schedules_purchasedpackage_pack_id_f8a76ca5" ON "schedules_purchasedpackage" ("pack_id");
CREATE INDEX IF NOT EXISTS "schedules_purchasedpackage_student_id_7909997b" ON "schedules_purchasedpackage" ("student_id");
CREATE UNIQUE INDEX "schedules_task_teacher_id_date_0749fa47_uniq" ON "schedules_task" ("teacher_id", "date");
CREATE UNIQUE INDEX "schedules_task_student_id_date_a38e15ea_uniq" ON "schedules_task" ("student_id", "date");
CREATE INDEX IF NOT EXISTS "schedules_task_student_id_afae71d0" ON "schedules_task" ("student_id");
CREATE INDEX IF NOT EXISTS "schedules_task_teacher_id_d9220797" ON "schedules_task" ("teacher_id");
CREATE INDEX IF NOT EXISTS "django_session_expire_date_a5c62663" ON "django_session" ("expire_date");
CREATE TABLE IF NOT EXISTS "backgrounds_background" ("id" integer NOT NULL PRIMARY KEY AUTOINCREMENT, "week_day" varchar(5) NOT NULL UNIQUE, "photo" varchar(100) NOT NULL);
CREATE UNIQUE INDEX "django_content_type_app_label_model_76bd3d3b_uniq" ON "django_content_type" ("app_label", "model");
CREATE UNIQUE INDEX "auth_group_permissions_group_id_permission_id_0cd325b0_uniq" ON "auth_group_permissions" ("group_id", "permission_id");
CREATE INDEX IF NOT EXISTS "auth_group_permissions_group_id_b120cbf9" ON "auth_group_permissions" ("group_id");
CREATE INDEX IF NOT EXISTS "auth_group_permissions_permission_id_84c5c92e" ON "auth_group_permissions" ("permission_id");
CREATE UNIQUE INDEX "auth_permission_content_type_id_codename_01ab375a_uniq" ON "auth_permission" ("content_type_id", "codename");
CREATE INDEX IF NOT EXISTS "auth_permission_content_type_id_2f476e4b" ON "auth_permission" ("content_type_id");
CREATE UNIQUE INDEX "accounts_user_groups_user_id_group_id_59c0b32f_uniq" ON "accounts_user_groups" ("user_id", "group_id");
CREATE INDEX IF NOT EXISTS "accounts_user_groups_user_id_52b62117" ON "accounts_user_groups" ("user_id");
CREATE INDEX IF NOT EXISTS "accounts_user_groups_group_id_bd11a704" ON "accounts_user_groups" ("group_id");
CREATE UNIQUE INDEX "accounts_user_user_permissions_user_id_permission_id_2ab516c2_uniq" ON "accounts_user_user_permissions" ("user_id", "permission_id");
CREATE INDEX IF NOT EXISTS "accounts_user_user_permissions_user_id_e4f0a161" ON "accounts_user_user_permissions" ("user_id");
CREATE INDEX IF NOT EXISTS "accounts_user_user_permissions_permission_id_113bb443" ON "accounts_user_user_permissions" ("permission_id");
CREATE INDEX IF NOT EXISTS "django_admin_log_content_type_id_c4bce8eb" ON "django_admin_log" ("content_type_id");
CREATE INDEX IF NOT EXISTS "django_admin_log_user_id_c564eba6" ON "django_admin_log" ("user_id");
CREATE INDEX IF NOT EXISTS "lessons_pack_language_id_d2e99141" ON "lessons_pack" ("language_id");
CREATE INDEX IF NOT EXISTS "profiles_teacher_category_id_cda5cadd" ON "profiles_teacher" ("category_id");
CREATE INDEX IF NOT EXISTS "schedules_purchasedpackage_pack_id_f8a76ca5" ON "schedules_purchasedpackage" ("pack_id");
CREATE INDEX IF NOT EXISTS "schedules_purchasedpackage_student_id_7909997b" ON "schedules_purchasedpackage" ("student_id");
CREATE UNIQUE INDEX "schedules_task_teacher_id_date_0749fa47_uniq" ON "schedules_task" ("teacher_id", "date");
CREATE UNIQUE INDEX "schedules_task_student_id_date_a38e15ea_uniq" ON "schedules_task" ("student_id", "date");
CREATE INDEX IF NOT EXISTS "schedules_task_student_id_afae71d0" ON "schedules_task" ("student_id");
CREATE INDEX IF NOT EXISTS "schedules_task_teacher_id_d9220797" ON "schedules_task" ("teacher_id");
CREATE INDEX IF NOT EXISTS "django_session_expire_date_a5c62663" ON "django_session" ("expire_date");
CREATE TABLE IF NOT EXISTS "django_admin_log" ("id" integer NOT NULL PRIMARY KEY AUTOINCREMENT, "action_time" datetime NOT NULL, "object_id" text NULL, "object_repr" varchar(200) NOT NULL, "change_message" text NOT NULL, "content_type_id" integer NULL REFERENCES "django_content_type" ("id") DEFERRABLE INITIALLY DEFERRED, "user_id" bigint NOT NULL REFERENCES "accounts_user" ("id") DEFERRABLE INITIALLY DEFERRED, "action_flag" smallint unsigned NOT NULL CHECK ("action_flag" >= 0));
INSERT INTO "django_admin_log" VALUES(1,'2022-03-31 14:37:09.050634','62173','ID: 62173','[{"added": {}}]',14,10961,1);
INSERT INTO "django_admin_log" VALUES(2,'2022-03-31 14:37:16.094054','62173','ID: 62173','[{"changed": {"fields": ["First name", "Last name"]}}]',14,10961,2);
CREATE UNIQUE INDEX "django_content_type_app_label_model_76bd3d3b_uniq" ON "django_content_type" ("app_label", "model");
CREATE UNIQUE INDEX "auth_group_permissions_group_id_permission_id_0cd325b0_uniq" ON "auth_group_permissions" ("group_id", "permission_id");
CREATE INDEX IF NOT EXISTS "auth_group_permissions_group_id_b120cbf9" ON "auth_group_permissions" ("group_id");
CREATE INDEX IF NOT EXISTS "auth_group_permissions_permission_id_84c5c92e" ON "auth_group_permissions" ("permission_id");
CREATE UNIQUE INDEX "auth_permission_content_type_id_codename_01ab375a_uniq" ON "auth_permission" ("content_type_id", "codename");
CREATE INDEX IF NOT EXISTS "auth_permission_content_type_id_2f476e4b" ON "auth_permission" ("content_type_id");
CREATE UNIQUE INDEX "accounts_user_groups_user_id_group_id_59c0b32f_uniq" ON "accounts_user_groups" ("user_id", "group_id");
CREATE INDEX IF NOT EXISTS "accounts_user_groups_user_id_52b62117" ON "accounts_user_groups" ("user_id");
CREATE INDEX IF NOT EXISTS "accounts_user_groups_group_id_bd11a704" ON "accounts_user_groups" ("group_id");
CREATE UNIQUE INDEX "accounts_user_user_permissions_user_id_permission_id_2ab516c2_uniq" ON "accounts_user_user_permissions" ("user_id", "permission_id");
CREATE INDEX IF NOT EXISTS "accounts_user_user_permissions_user_id_e4f0a161" ON "accounts_user_user_permissions" ("user_id");
CREATE INDEX IF NOT EXISTS "accounts_user_user_permissions_permission_id_113bb443" ON "accounts_user_user_permissions" ("permission_id");
CREATE INDEX IF NOT EXISTS "django_admin_log_content_type_id_c4bce8eb" ON "django_admin_log" ("content_type_id");
CREATE INDEX IF NOT EXISTS "django_admin_log_user_id_c564eba6" ON "django_admin_log" ("user_id");
CREATE INDEX IF NOT EXISTS "lessons_pack_language_id_d2e99141" ON "lessons_pack" ("language_id");
CREATE INDEX IF NOT EXISTS "profiles_teacher_category_id_cda5cadd" ON "profiles_teacher" ("category_id");
CREATE INDEX IF NOT EXISTS "schedules_purchasedpackage_pack_id_f8a76ca5" ON "schedules_purchasedpackage" ("pack_id");
CREATE INDEX IF NOT EXISTS "schedules_purchasedpackage_student_id_7909997b" ON "schedules_purchasedpackage" ("student_id");
CREATE UNIQUE INDEX "schedules_task_teacher_id_date_0749fa47_uniq" ON "schedules_task" ("teacher_id", "date");
CREATE UNIQUE INDEX "schedules_task_student_id_date_a38e15ea_uniq" ON "schedules_task" ("student_id", "date");
CREATE INDEX IF NOT EXISTS "schedules_task_student_id_afae71d0" ON "schedules_task" ("student_id");
CREATE INDEX IF NOT EXISTS "schedules_task_teacher_id_d9220797" ON "schedules_task" ("teacher_id");
CREATE INDEX IF NOT EXISTS "django_session_expire_date_a5c62663" ON "django_session" ("expire_date");
CREATE TABLE IF NOT EXISTS "django_content_type" ("id" integer NOT NULL PRIMARY KEY AUTOINCREMENT, "app_label" varchar(100) NOT NULL, "model" varchar(100) NOT NULL);
INSERT INTO "django_content_type" VALUES(1,'admin','logentry');
INSERT INTO "django_content_type" VALUES(2,'auth','permission');
INSERT INTO "django_content_type" VALUES(3,'auth','group');
INSERT INTO "django_content_type" VALUES(4,'contenttypes','contenttype');
INSERT INTO "django_content_type" VALUES(5,'sessions','session');
INSERT INTO "django_content_type" VALUES(6,'profiles','teacher');
INSERT INTO "django_content_type" VALUES(7,'profiles','student');
INSERT INTO "django_content_type" VALUES(8,'lessons','category');
INSERT INTO "django_content_type" VALUES(9,'lessons','magazines');
INSERT INTO "django_content_type" VALUES(10,'lessons','supportandsales');
INSERT INTO "django_content_type" VALUES(11,'lessons','pack');
INSERT INTO "django_content_type" VALUES(12,'schedules','purchasedpackage');
INSERT INTO "django_content_type" VALUES(13,'schedules','task');
INSERT INTO "django_content_type" VALUES(14,'accounts','user');
INSERT INTO "django_content_type" VALUES(15,'backgrounds','background');
CREATE UNIQUE INDEX "django_content_type_app_label_model_76bd3d3b_uniq" ON "django_content_type" ("app_label", "model");
CREATE UNIQUE INDEX "auth_group_permissions_group_id_permission_id_0cd325b0_uniq" ON "auth_group_permissions" ("group_id", "permission_id");
CREATE INDEX IF NOT EXISTS "auth_group_permissions_group_id_b120cbf9" ON "auth_group_permissions" ("group_id");
CREATE INDEX IF NOT EXISTS "auth_group_permissions_permission_id_84c5c92e" ON "auth_group_permissions" ("permission_id");
CREATE UNIQUE INDEX "auth_permission_content_type_id_codename_01ab375a_uniq" ON "auth_permission" ("content_type_id", "codename");
CREATE INDEX IF NOT EXISTS "auth_permission_content_type_id_2f476e4b" ON "auth_permission" ("content_type_id");
CREATE UNIQUE INDEX "accounts_user_groups_user_id_group_id_59c0b32f_uniq" ON "accounts_user_groups" ("user_id", "group_id");
CREATE INDEX IF NOT EXISTS "accounts_user_groups_user_id_52b62117" ON "accounts_user_groups" ("user_id");
CREATE INDEX IF NOT EXISTS "accounts_user_groups_group_id_bd11a704" ON "accounts_user_groups" ("group_id");
CREATE UNIQUE INDEX "accounts_user_user_permissions_user_id_permission_id_2ab516c2_uniq" ON "accounts_user_user_permissions" ("user_id", "permission_id");
CREATE INDEX IF NOT EXISTS "accounts_user_user_permissions_user_id_e4f0a161" ON "accounts_user_user_permissions" ("user_id");
CREATE INDEX IF NOT EXISTS "accounts_user_user_permissions_permission_id_113bb443" ON "accounts_user_user_permissions" ("permission_id");
CREATE INDEX IF NOT EXISTS "django_admin_log_content_type_id_c4bce8eb" ON "django_admin_log" ("content_type_id");
CREATE INDEX IF NOT EXISTS "django_admin_log_user_id_c564eba6" ON "django_admin_log" ("user_id");
CREATE INDEX IF NOT EXISTS "lessons_pack_language_id_d2e99141" ON "lessons_pack" ("language_id");
CREATE INDEX IF NOT EXISTS "profiles_teacher_category_id_cda5cadd" ON "profiles_teacher" ("category_id");
CREATE INDEX IF NOT EXISTS "schedules_purchasedpackage_pack_id_f8a76ca5" ON "schedules_purchasedpackage" ("pack_id");
CREATE INDEX IF NOT EXISTS "schedules_purchasedpackage_student_id_7909997b" ON "schedules_purchasedpackage" ("student_id");
CREATE UNIQUE INDEX "schedules_task_teacher_id_date_0749fa47_uniq" ON "schedules_task" ("teacher_id", "date");
CREATE UNIQUE INDEX "schedules_task_student_id_date_a38e15ea_uniq" ON "schedules_task" ("student_id", "date");
CREATE INDEX IF NOT EXISTS "schedules_task_student_id_afae71d0" ON "schedules_task" ("student_id");
CREATE INDEX IF NOT EXISTS "schedules_task_teacher_id_d9220797" ON "schedules_task" ("teacher_id");
CREATE INDEX IF NOT EXISTS "django_session_expire_date_a5c62663" ON "django_session" ("expire_date");
CREATE TABLE IF NOT EXISTS "django_migrations" ("id" integer NOT NULL PRIMARY KEY AUTOINCREMENT, "app" varchar(255) NOT NULL, "name" varchar(255) NOT NULL, "applied" datetime NOT NULL);
INSERT INTO "django_migrations" VALUES(1,'contenttypes','0001_initial','2022-03-31 14:34:59.157191');
INSERT INTO "django_migrations" VALUES(2,'contenttypes','0002_remove_content_type_name','2022-03-31 14:35:01.367512');
INSERT INTO "django_migrations" VALUES(3,'auth','0001_initial','2022-03-31 14:35:01.669338');
INSERT INTO "django_migrations" VALUES(4,'auth','0002_alter_permission_name_max_length','2022-03-31 14:35:01.812438');
INSERT INTO "django_migrations" VALUES(5,'auth','0003_alter_user_email_max_length','2022-03-31 14:35:01.933774');
INSERT INTO "django_migrations" VALUES(6,'auth','0004_alter_user_username_opts','2022-03-31 14:35:02.067701');
INSERT INTO "django_migrations" VALUES(7,'auth','0005_alter_user_last_login_null','2022-03-31 14:35:02.225613');
INSERT INTO "django_migrations" VALUES(8,'auth','0006_require_contenttypes_0002','2022-03-31 14:35:02.372698');
INSERT INTO "django_migrations" VALUES(9,'auth','0007_alter_validators_add_error_messages','2022-03-31 14:35:02.512783');
INSERT INTO "django_migrations" VALUES(10,'auth','0008_alter_user_username_max_length','2022-03-31 14:35:02.664695');
INSERT INTO "django_migrations" VALUES(11,'auth','0009_alter_user_last_name_max_length','2022-03-31 14:35:03.970210');
INSERT INTO "django_migrations" VALUES(12,'auth','0010_alter_group_name_max_length','2022-03-31 14:35:04.138233');
INSERT INTO "django_migrations" VALUES(13,'auth','0011_update_proxy_permissions','2022-03-31 14:35:04.295165');
INSERT INTO "django_migrations" VALUES(14,'auth','0012_alter_user_first_name_max_length','2022-03-31 14:35:04.443781');
INSERT INTO "django_migrations" VALUES(15,'accounts','0001_initial','2022-03-31 14:35:07.124588');
INSERT INTO "django_migrations" VALUES(16,'admin','0001_initial','2022-03-31 14:35:14.277563');
INSERT INTO "django_migrations" VALUES(17,'admin','0002_logentry_remove_auto_add','2022-03-31 14:35:14.454153');
INSERT INTO "django_migrations" VALUES(18,'admin','0003_logentry_add_action_flag_choices','2022-03-31 14:35:14.652216');
INSERT INTO "django_migrations" VALUES(19,'backgrounds','0001_initial','2022-03-31 14:35:14.814182');
INSERT INTO "django_migrations" VALUES(20,'lessons','0001_initial','2022-03-31 14:35:15.856698');
INSERT INTO "django_migrations" VALUES(21,'profiles','0001_initial','2022-03-31 14:35:16.238449');
INSERT INTO "django_migrations" VALUES(22,'schedules','0001_initial','2022-03-31 14:35:16.600240');
INSERT INTO "django_migrations" VALUES(23,'sessions','0001_initial','2022-03-31 14:35:16.918245');
CREATE UNIQUE INDEX "django_content_type_app_label_model_76bd3d3b_uniq" ON "django_content_type" ("app_label", "model");
CREATE UNIQUE INDEX "auth_group_permissions_group_id_permission_id_0cd325b0_uniq" ON "auth_group_permissions" ("group_id", "permission_id");
CREATE INDEX IF NOT EXISTS "auth_group_permissions_group_id_b120cbf9" ON "auth_group_permissions" ("group_id");
CREATE INDEX IF NOT EXISTS "auth_group_permissions_permission_id_84c5c92e" ON "auth_group_permissions" ("permission_id");
CREATE UNIQUE INDEX "auth_permission_content_type_id_codename_01ab375a_uniq" ON "auth_permission" ("content_type_id", "codename");
CREATE INDEX IF NOT EXISTS "auth_permission_content_type_id_2f476e4b" ON "auth_permission" ("content_type_id");
CREATE UNIQUE INDEX "accounts_user_groups_user_id_group_id_59c0b32f_uniq" ON "accounts_user_groups" ("user_id", "group_id");
CREATE INDEX IF NOT EXISTS "accounts_user_groups_user_id_52b62117" ON "accounts_user_groups" ("user_id");
CREATE INDEX IF NOT EXISTS "accounts_user_groups_group_id_bd11a704" ON "accounts_user_groups" ("group_id");
CREATE UNIQUE INDEX "accounts_user_user_permissions_user_id_permission_id_2ab516c2_uniq" ON "accounts_user_user_permissions" ("user_id", "permission_id");
CREATE INDEX IF NOT EXISTS "accounts_user_user_permissions_user_id_e4f0a161" ON "accounts_user_user_permissions" ("user_id");
CREATE INDEX IF NOT EXISTS "accounts_user_user_permissions_permission_id_113bb443" ON "accounts_user_user_permissions" ("permission_id");
CREATE INDEX IF NOT EXISTS "django_admin_log_content_type_id_c4bce8eb" ON "django_admin_log" ("content_type_id");
CREATE INDEX IF NOT EXISTS "django_admin_log_user_id_c564eba6" ON "django_admin_log" ("user_id");
CREATE INDEX IF NOT EXISTS "lessons_pack_language_id_d2e99141" ON "lessons_pack" ("language_id");
CREATE INDEX IF NOT EXISTS "profiles_teacher_category_id_cda5cadd" ON "profiles_teacher" ("category_id");
CREATE INDEX IF NOT EXISTS "schedules_purchasedpackage_pack_id_f8a76ca5" ON "schedules_purchasedpackage" ("pack_id");
CREATE INDEX IF NOT EXISTS "schedules_purchasedpackage_student_id_7909997b" ON "schedules_purchasedpackage" ("student_id");
CREATE UNIQUE INDEX "schedules_task_teacher_id_date_0749fa47_uniq" ON "schedules_task" ("teacher_id", "date");
CREATE UNIQUE INDEX "schedules_task_student_id_date_a38e15ea_uniq" ON "schedules_task" ("student_id", "date");
CREATE INDEX IF NOT EXISTS "schedules_task_student_id_afae71d0" ON "schedules_task" ("student_id");
CREATE INDEX IF NOT EXISTS "schedules_task_teacher_id_d9220797" ON "schedules_task" ("teacher_id");
CREATE INDEX IF NOT EXISTS "django_session_expire_date_a5c62663" ON "django_session" ("expire_date");
CREATE TABLE IF NOT EXISTS "django_session" ("session_key" varchar(40) NOT NULL PRIMARY KEY, "session_data" text NOT NULL, "expire_date" datetime NOT NULL);
INSERT INTO "django_session" VALUES('r5czslgl7p9x10tu55ti80wibnlrbule','.eJxVjDsOwyAQBe9CHaE1YD4p0_sMaIElOIlAMnYV5e6xJRdJ-2bmvZnHbS1-67T4ObErG8DpgV1-94DxSfWA6YH13nhsdV3mwA-Fn7TzqSV63U7376BgL3ut0blksrUjimwzoiE0aGUkBxAMaa2lE0oFUkaAcZJk2gGOOgBEiOzzBYYAOKU:1nZvuy:IJSSyhcR8SR3Ny6LwK0p0KVl3DU73GUYCKvloo34WVA','2022-04-14 14:36:56.989251');
CREATE UNIQUE INDEX "django_content_type_app_label_model_76bd3d3b_uniq" ON "django_content_type" ("app_label", "model");
CREATE UNIQUE INDEX "auth_group_permissions_group_id_permission_id_0cd325b0_uniq" ON "auth_group_permissions" ("group_id", "permission_id");
CREATE INDEX IF NOT EXISTS "auth_group_permissions_group_id_b120cbf9" ON "auth_group_permissions" ("group_id");
CREATE INDEX IF NOT EXISTS "auth_group_permissions_permission_id_84c5c92e" ON "auth_group_permissions" ("permission_id");
CREATE UNIQUE INDEX "auth_permission_content_type_id_codename_01ab375a_uniq" ON "auth_permission" ("content_type_id", "codename");
CREATE INDEX IF NOT EXISTS "auth_permission_content_type_id_2f476e4b" ON "auth_permission" ("content_type_id");
CREATE UNIQUE INDEX "accounts_user_groups_user_id_group_id_59c0b32f_uniq" ON "accounts_user_groups" ("user_id", "group_id");
CREATE INDEX IF NOT EXISTS "accounts_user_groups_user_id_52b62117" ON "accounts_user_groups" ("user_id");
CREATE INDEX IF NOT EXISTS "accounts_user_groups_group_id_bd11a704" ON "accounts_user_groups" ("group_id");
CREATE UNIQUE INDEX "accounts_user_user_permissions_user_id_permission_id_2ab516c2_uniq" ON "accounts_user_user_permissions" ("user_id", "permission_id");
CREATE INDEX IF NOT EXISTS "accounts_user_user_permissions_user_id_e4f0a161" ON "accounts_user_user_permissions" ("user_id");
CREATE INDEX IF NOT EXISTS "accounts_user_user_permissions_permission_id_113bb443" ON "accounts_user_user_permissions" ("permission_id");
CREATE INDEX IF NOT EXISTS "django_admin_log_content_type_id_c4bce8eb" ON "django_admin_log" ("content_type_id");
CREATE INDEX IF NOT EXISTS "django_admin_log_user_id_c564eba6" ON "django_admin_log" ("user_id");
CREATE INDEX IF NOT EXISTS "lessons_pack_language_id_d2e99141" ON "lessons_pack" ("language_id");
CREATE INDEX IF NOT EXISTS "profiles_teacher_category_id_cda5cadd" ON "profiles_teacher" ("category_id");
CREATE INDEX IF NOT EXISTS "schedules_purchasedpackage_pack_id_f8a76ca5" ON "schedules_purchasedpackage" ("pack_id");
CREATE INDEX IF NOT EXISTS "schedules_purchasedpackage_student_id_7909997b" ON "schedules_purchasedpackage" ("student_id");
CREATE UNIQUE INDEX "schedules_task_teacher_id_date_0749fa47_uniq" ON "schedules_task" ("teacher_id", "date");
CREATE UNIQUE INDEX "schedules_task_student_id_date_a38e15ea_uniq" ON "schedules_task" ("student_id", "date");
CREATE INDEX IF NOT EXISTS "schedules_task_student_id_afae71d0" ON "schedules_task" ("student_id");
CREATE INDEX IF NOT EXISTS "schedules_task_teacher_id_d9220797" ON "schedules_task" ("teacher_id");
CREATE INDEX IF NOT EXISTS "django_session_expire_date_a5c62663" ON "django_session" ("expire_date");
CREATE TABLE IF NOT EXISTS "lessons_category" ("id" integer NOT NULL PRIMARY KEY AUTOINCREMENT, "name" varchar(50) NOT NULL);
CREATE UNIQUE INDEX "django_content_type_app_label_model_76bd3d3b_uniq" ON "django_content_type" ("app_label", "model");
CREATE UNIQUE INDEX "auth_group_permissions_group_id_permission_id_0cd325b0_uniq" ON "auth_group_permissions" ("group_id", "permission_id");
CREATE INDEX IF NOT EXISTS "auth_group_permissions_group_id_b120cbf9" ON "auth_group_permissions" ("group_id");
CREATE INDEX IF NOT EXISTS "auth_group_permissions_permission_id_84c5c92e" ON "auth_group_permissions" ("permission_id");
CREATE UNIQUE INDEX "auth_permission_content_type_id_codename_01ab375a_uniq" ON "auth_permission" ("content_type_id", "codename");
CREATE INDEX IF NOT EXISTS "auth_permission_content_type_id_2f476e4b" ON "auth_permission" ("content_type_id");
CREATE UNIQUE INDEX "accounts_user_groups_user_id_group_id_59c0b32f_uniq" ON "accounts_user_groups" ("user_id", "group_id");
CREATE INDEX IF NOT EXISTS "accounts_user_groups_user_id_52b62117" ON "accounts_user_groups" ("user_id");
CREATE INDEX IF NOT EXISTS "accounts_user_groups_group_id_bd11a704" ON "accounts_user_groups" ("group_id");
CREATE UNIQUE INDEX "accounts_user_user_permissions_user_id_permission_id_2ab516c2_uniq" ON "accounts_user_user_permissions" ("user_id", "permission_id");
CREATE INDEX IF NOT EXISTS "accounts_user_user_permissions_user_id_e4f0a161" ON "accounts_user_user_permissions" ("user_id");
CREATE INDEX IF NOT EXISTS "accounts_user_user_permissions_permission_id_113bb443" ON "accounts_user_user_permissions" ("permission_id");
CREATE INDEX IF NOT EXISTS "django_admin_log_content_type_id_c4bce8eb" ON "django_admin_log" ("content_type_id");
CREATE INDEX IF NOT EXISTS "django_admin_log_user_id_c564eba6" ON "django_admin_log" ("user_id");
CREATE INDEX IF NOT EXISTS "lessons_pack_language_id_d2e99141" ON "lessons_pack" ("language_id");
CREATE INDEX IF NOT EXISTS "profiles_teacher_category_id_cda5cadd" ON "profiles_teacher" ("category_id");
CREATE INDEX IF NOT EXISTS "schedules_purchasedpackage_pack_id_f8a76ca5" ON "schedules_purchasedpackage" ("pack_id");
CREATE INDEX IF NOT EXISTS "schedules_purchasedpackage_student_id_7909997b" ON "schedules_purchasedpackage" ("student_id");
CREATE UNIQUE INDEX "schedules_task_teacher_id_date_0749fa47_uniq" ON "schedules_task" ("teacher_id", "date");
CREATE UNIQUE INDEX "schedules_task_student_id_date_a38e15ea_uniq" ON "schedules_task" ("student_id", "date");
CREATE INDEX IF NOT EXISTS "schedules_task_student_id_afae71d0" ON "schedules_task" ("student_id");
CREATE INDEX IF NOT EXISTS "schedules_task_teacher_id_d9220797" ON "schedules_task" ("teacher_id");
CREATE INDEX IF NOT EXISTS "django_session_expire_date_a5c62663" ON "django_session" ("expire_date");
CREATE TABLE IF NOT EXISTS "lessons_magazines" ("id" integer NOT NULL PRIMARY KEY AUTOINCREMENT, "name" varchar(100) NOT NULL, "magazineUrl" varchar(200) NOT NULL);
CREATE UNIQUE INDEX "django_content_type_app_label_model_76bd3d3b_uniq" ON "django_content_type" ("app_label", "model");
CREATE UNIQUE INDEX "auth_group_permissions_group_id_permission_id_0cd325b0_uniq" ON "auth_group_permissions" ("group_id", "permission_id");
CREATE INDEX IF NOT EXISTS "auth_group_permissions_group_id_b120cbf9" ON "auth_group_permissions" ("group_id");
CREATE INDEX IF NOT EXISTS "auth_group_permissions_permission_id_84c5c92e" ON "auth_group_permissions" ("permission_id");
CREATE UNIQUE INDEX "auth_permission_content_type_id_codename_01ab375a_uniq" ON "auth_permission" ("content_type_id", "codename");
CREATE INDEX IF NOT EXISTS "auth_permission_content_type_id_2f476e4b" ON "auth_permission" ("content_type_id");
CREATE UNIQUE INDEX "accounts_user_groups_user_id_group_id_59c0b32f_uniq" ON "accounts_user_groups" ("user_id", "group_id");
CREATE INDEX IF NOT EXISTS "accounts_user_groups_user_id_52b62117" ON "accounts_user_groups" ("user_id");
CREATE INDEX IF NOT EXISTS "accounts_user_groups_group_id_bd11a704" ON "accounts_user_groups" ("group_id");
CREATE UNIQUE INDEX "accounts_user_user_permissions_user_id_permission_id_2ab516c2_uniq" ON "accounts_user_user_permissions" ("user_id", "permission_id");
CREATE INDEX IF NOT EXISTS "accounts_user_user_permissions_user_id_e4f0a161" ON "accounts_user_user_permissions" ("user_id");
CREATE INDEX IF NOT EXISTS "accounts_user_user_permissions_permission_id_113bb443" ON "accounts_user_user_permissions" ("permission_id");
CREATE INDEX IF NOT EXISTS "django_admin_log_content_type_id_c4bce8eb" ON "django_admin_log" ("content_type_id");
CREATE INDEX IF NOT EXISTS "django_admin_log_user_id_c564eba6" ON "django_admin_log" ("user_id");
CREATE INDEX IF NOT EXISTS "lessons_pack_language_id_d2e99141" ON "lessons_pack" ("language_id");
CREATE INDEX IF NOT EXISTS "profiles_teacher_category_id_cda5cadd" ON "profiles_teacher" ("category_id");
CREATE INDEX IF NOT EXISTS "schedules_purchasedpackage_pack_id_f8a76ca5" ON "schedules_purchasedpackage" ("pack_id");
CREATE INDEX IF NOT EXISTS "schedules_purchasedpackage_student_id_7909997b" ON "schedules_purchasedpackage" ("student_id");
CREATE UNIQUE INDEX "schedules_task_teacher_id_date_0749fa47_uniq" ON "schedules_task" ("teacher_id", "date");
CREATE UNIQUE INDEX "schedules_task_student_id_date_a38e15ea_uniq" ON "schedules_task" ("student_id", "date");
CREATE INDEX IF NOT EXISTS "schedules_task_student_id_afae71d0" ON "schedules_task" ("student_id");
CREATE INDEX IF NOT EXISTS "schedules_task_teacher_id_d9220797" ON "schedules_task" ("teacher_id");
CREATE INDEX IF NOT EXISTS "django_session_expire_date_a5c62663" ON "django_session" ("expire_date");
CREATE TABLE IF NOT EXISTS "lessons_pack" ("id" integer NOT NULL PRIMARY KEY AUTOINCREMENT, "name" varchar(200) NOT NULL, "number_of_lessons" smallint unsigned NOT NULL CHECK ("number_of_lessons" >= 0), "package_price" decimal NOT NULL, "created" datetime NOT NULL, "updated" datetime NOT NULL, "language_id" bigint NOT NULL REFERENCES "lessons_category" ("id") DEFERRABLE INITIALLY DEFERRED);
CREATE UNIQUE INDEX "django_content_type_app_label_model_76bd3d3b_uniq" ON "django_content_type" ("app_label", "model");
CREATE UNIQUE INDEX "auth_group_permissions_group_id_permission_id_0cd325b0_uniq" ON "auth_group_permissions" ("group_id", "permission_id");
CREATE INDEX IF NOT EXISTS "auth_group_permissions_group_id_b120cbf9" ON "auth_group_permissions" ("group_id");
CREATE INDEX IF NOT EXISTS "auth_group_permissions_permission_id_84c5c92e" ON "auth_group_permissions" ("permission_id");
CREATE UNIQUE INDEX "auth_permission_content_type_id_codename_01ab375a_uniq" ON "auth_permission" ("content_type_id", "codename");
CREATE INDEX IF NOT EXISTS "auth_permission_content_type_id_2f476e4b" ON "auth_permission" ("content_type_id");
CREATE UNIQUE INDEX "accounts_user_groups_user_id_group_id_59c0b32f_uniq" ON "accounts_user_groups" ("user_id", "group_id");
CREATE INDEX IF NOT EXISTS "accounts_user_groups_user_id_52b62117" ON "accounts_user_groups" ("user_id");
CREATE INDEX IF NOT EXISTS "accounts_user_groups_group_id_bd11a704" ON "accounts_user_groups" ("group_id");
CREATE UNIQUE INDEX "accounts_user_user_permissions_user_id_permission_id_2ab516c2_uniq" ON "accounts_user_user_permissions" ("user_id", "permission_id");
CREATE INDEX IF NOT EXISTS "accounts_user_user_permissions_user_id_e4f0a161" ON "accounts_user_user_permissions" ("user_id");
CREATE INDEX IF NOT EXISTS "accounts_user_user_permissions_permission_id_113bb443" ON "accounts_user_user_permissions" ("permission_id");
CREATE INDEX IF NOT EXISTS "django_admin_log_content_type_id_c4bce8eb" ON "django_admin_log" ("content_type_id");
CREATE INDEX IF NOT EXISTS "django_admin_log_user_id_c564eba6" ON "django_admin_log" ("user_id");
CREATE INDEX IF NOT EXISTS "lessons_pack_language_id_d2e99141" ON "lessons_pack" ("language_id");
CREATE INDEX IF NOT EXISTS "profiles_teacher_category_id_cda5cadd" ON "profiles_teacher" ("category_id");
CREATE INDEX IF NOT EXISTS "schedules_purchasedpackage_pack_id_f8a76ca5" ON "schedules_purchasedpackage" ("pack_id");
CREATE INDEX IF NOT EXISTS "schedules_purchasedpackage_student_id_7909997b" ON "schedules_purchasedpackage" ("student_id");
CREATE UNIQUE INDEX "schedules_task_teacher_id_date_0749fa47_uniq" ON "schedules_task" ("teacher_id", "date");
CREATE UNIQUE INDEX "schedules_task_student_id_date_a38e15ea_uniq" ON "schedules_task" ("student_id", "date");
CREATE INDEX IF NOT EXISTS "schedules_task_student_id_afae71d0" ON "schedules_task" ("student_id");
CREATE INDEX IF NOT EXISTS "schedules_task_teacher_id_d9220797" ON "schedules_task" ("teacher_id");
CREATE INDEX IF NOT EXISTS "django_session_expire_date_a5c62663" ON "django_session" ("expire_date");
CREATE TABLE IF NOT EXISTS "lessons_supportandsales" ("id" integer NOT NULL PRIMARY KEY AUTOINCREMENT, "name" varchar(100) NOT NULL, "supportUrl" varchar(200) NOT NULL);
CREATE UNIQUE INDEX "django_content_type_app_label_model_76bd3d3b_uniq" ON "django_content_type" ("app_label", "model");
CREATE UNIQUE INDEX "auth_group_permissions_group_id_permission_id_0cd325b0_uniq" ON "auth_group_permissions" ("group_id", "permission_id");
CREATE INDEX IF NOT EXISTS "auth_group_permissions_group_id_b120cbf9" ON "auth_group_permissions" ("group_id");
CREATE INDEX IF NOT EXISTS "auth_group_permissions_permission_id_84c5c92e" ON "auth_group_permissions" ("permission_id");
CREATE UNIQUE INDEX "auth_permission_content_type_id_codename_01ab375a_uniq" ON "auth_permission" ("content_type_id", "codename");
CREATE INDEX IF NOT EXISTS "auth_permission_content_type_id_2f476e4b" ON "auth_permission" ("content_type_id");
CREATE UNIQUE INDEX "accounts_user_groups_user_id_group_id_59c0b32f_uniq" ON "accounts_user_groups" ("user_id", "group_id");
CREATE INDEX IF NOT EXISTS "accounts_user_groups_user_id_52b62117" ON "accounts_user_groups" ("user_id");
CREATE INDEX IF NOT EXISTS "accounts_user_groups_group_id_bd11a704" ON "accounts_user_groups" ("group_id");
CREATE UNIQUE INDEX "accounts_user_user_permissions_user_id_permission_id_2ab516c2_uniq" ON "accounts_user_user_permissions" ("user_id", "permission_id");
CREATE INDEX IF NOT EXISTS "accounts_user_user_permissions_user_id_e4f0a161" ON "accounts_user_user_permissions" ("user_id");
CREATE INDEX IF NOT EXISTS "accounts_user_user_permissions_permission_id_113bb443" ON "accounts_user_user_permissions" ("permission_id");
CREATE INDEX IF NOT EXISTS "django_admin_log_content_type_id_c4bce8eb" ON "django_admin_log" ("content_type_id");
CREATE INDEX IF NOT EXISTS "django_admin_log_user_id_c564eba6" ON "django_admin_log" ("user_id");
CREATE INDEX IF NOT EXISTS "lessons_pack_language_id_d2e99141" ON "lessons_pack" ("language_id");
CREATE INDEX IF NOT EXISTS "profiles_teacher_category_id_cda5cadd" ON "profiles_teacher" ("category_id");
CREATE INDEX IF NOT EXISTS "schedules_purchasedpackage_pack_id_f8a76ca5" ON "schedules_purchasedpackage" ("pack_id");
CREATE INDEX IF NOT EXISTS "schedules_purchasedpackage_student_id_7909997b" ON "schedules_purchasedpackage" ("student_id");
CREATE UNIQUE INDEX "schedules_task_teacher_id_date_0749fa47_uniq" ON "schedules_task" ("teacher_id", "date");
CREATE UNIQUE INDEX "schedules_task_student_id_date_a38e15ea_uniq" ON "schedules_task" ("student_id", "date");
CREATE INDEX IF NOT EXISTS "schedules_task_student_id_afae71d0" ON "schedules_task" ("student_id");
CREATE INDEX IF NOT EXISTS "schedules_task_teacher_id_d9220797" ON "schedules_task" ("teacher_id");
CREATE INDEX IF NOT EXISTS "django_session_expire_date_a5c62663" ON "django_session" ("expire_date");
CREATE TABLE IF NOT EXISTS "profiles_student" ("id" integer NOT NULL PRIMARY KEY AUTOINCREMENT, "email_confirmed" bool NOT NULL, "phone_number" varchar(12) NULL, "country" varchar(50) NULL, "created" datetime NOT NULL, "updated" datetime NOT NULL, "avatar" varchar(100) NOT NULL, "balance" real NOT NULL, "user_id" bigint NOT NULL UNIQUE REFERENCES "accounts_user" ("id") DEFERRABLE INITIALLY DEFERRED);
INSERT INTO "profiles_student" VALUES(62173,0,NULL,NULL,'2022-03-31 14:37:08.969179','2022-03-31 14:37:16.092055','avatar.png',0.0,62173);
CREATE UNIQUE INDEX "django_content_type_app_label_model_76bd3d3b_uniq" ON "django_content_type" ("app_label", "model");
CREATE UNIQUE INDEX "auth_group_permissions_group_id_permission_id_0cd325b0_uniq" ON "auth_group_permissions" ("group_id", "permission_id");
CREATE INDEX IF NOT EXISTS "auth_group_permissions_group_id_b120cbf9" ON "auth_group_permissions" ("group_id");
CREATE INDEX IF NOT EXISTS "auth_group_permissions_permission_id_84c5c92e" ON "auth_group_permissions" ("permission_id");
CREATE UNIQUE INDEX "auth_permission_content_type_id_codename_01ab375a_uniq" ON "auth_permission" ("content_type_id", "codename");
CREATE INDEX IF NOT EXISTS "auth_permission_content_type_id_2f476e4b" ON "auth_permission" ("content_type_id");
CREATE UNIQUE INDEX "accounts_user_groups_user_id_group_id_59c0b32f_uniq" ON "accounts_user_groups" ("user_id", "group_id");
CREATE INDEX IF NOT EXISTS "accounts_user_groups_user_id_52b62117" ON "accounts_user_groups" ("user_id");
CREATE INDEX IF NOT EXISTS "accounts_user_groups_group_id_bd11a704" ON "accounts_user_groups" ("group_id");
CREATE UNIQUE INDEX "accounts_user_user_permissions_user_id_permission_id_2ab516c2_uniq" ON "accounts_user_user_permissions" ("user_id", "permission_id");
CREATE INDEX IF NOT EXISTS "accounts_user_user_permissions_user_id_e4f0a161" ON "accounts_user_user_permissions" ("user_id");
CREATE INDEX IF NOT EXISTS "accounts_user_user_permissions_permission_id_113bb443" ON "accounts_user_user_permissions" ("permission_id");
CREATE INDEX IF NOT EXISTS "django_admin_log_content_type_id_c4bce8eb" ON "django_admin_log" ("content_type_id");
CREATE INDEX IF NOT EXISTS "django_admin_log_user_id_c564eba6" ON "django_admin_log" ("user_id");
CREATE INDEX IF NOT EXISTS "lessons_pack_language_id_d2e99141" ON "lessons_pack" ("language_id");
CREATE INDEX IF NOT EXISTS "profiles_teacher_category_id_cda5cadd" ON "profiles_teacher" ("category_id");
CREATE INDEX IF NOT EXISTS "schedules_purchasedpackage_pack_id_f8a76ca5" ON "schedules_purchasedpackage" ("pack_id");
CREATE INDEX IF NOT EXISTS "schedules_purchasedpackage_student_id_7909997b" ON "schedules_purchasedpackage" ("student_id");
CREATE UNIQUE INDEX "schedules_task_teacher_id_date_0749fa47_uniq" ON "schedules_task" ("teacher_id", "date");
CREATE UNIQUE INDEX "schedules_task_student_id_date_a38e15ea_uniq" ON "schedules_task" ("student_id", "date");
CREATE INDEX IF NOT EXISTS "schedules_task_student_id_afae71d0" ON "schedules_task" ("student_id");
CREATE INDEX IF NOT EXISTS "schedules_task_teacher_id_d9220797" ON "schedules_task" ("teacher_id");
CREATE INDEX IF NOT EXISTS "django_session_expire_date_a5c62663" ON "django_session" ("expire_date");
CREATE TABLE IF NOT EXISTS "profiles_teacher" ("id" integer NOT NULL PRIMARY KEY AUTOINCREMENT, "email_confirmed" bool NOT NULL, "phone_number" varchar(12) NULL, "country" varchar(50) NULL, "created" datetime NOT NULL, "updated" datetime NOT NULL, "avatar" varchar(100) NOT NULL, "sunday" varchar(61) NULL, "monday" varchar(61) NULL, "tuesday" varchar(61) NULL, "wednesday" varchar(61) NULL, "thursday" varchar(61) NULL, "friday" varchar(61) NULL, "saturday" varchar(61) NULL, "category_id" bigint NULL REFERENCES "lessons_category" ("id") DEFERRABLE INITIALLY DEFERRED, "user_id" bigint NOT NULL UNIQUE REFERENCES "accounts_user" ("id") DEFERRABLE INITIALLY DEFERRED);
CREATE UNIQUE INDEX "django_content_type_app_label_model_76bd3d3b_uniq" ON "django_content_type" ("app_label", "model");
CREATE UNIQUE INDEX "auth_group_permissions_group_id_permission_id_0cd325b0_uniq" ON "auth_group_permissions" ("group_id", "permission_id");
CREATE INDEX IF NOT EXISTS "auth_group_permissions_group_id_b120cbf9" ON "auth_group_permissions" ("group_id");
CREATE INDEX IF NOT EXISTS "auth_group_permissions_permission_id_84c5c92e" ON "auth_group_permissions" ("permission_id");
CREATE UNIQUE INDEX "auth_permission_content_type_id_codename_01ab375a_uniq" ON "auth_permission" ("content_type_id", "codename");
CREATE INDEX IF NOT EXISTS "auth_permission_content_type_id_2f476e4b" ON "auth_permission" ("content_type_id");
CREATE UNIQUE INDEX "accounts_user_groups_user_id_group_id_59c0b32f_uniq" ON "accounts_user_groups" ("user_id", "group_id");
CREATE INDEX IF NOT EXISTS "accounts_user_groups_user_id_52b62117" ON "accounts_user_groups" ("user_id");
CREATE INDEX IF NOT EXISTS "accounts_user_groups_group_id_bd11a704" ON "accounts_user_groups" ("group_id");
CREATE UNIQUE INDEX "accounts_user_user_permissions_user_id_permission_id_2ab516c2_uniq" ON "accounts_user_user_permissions" ("user_id", "permission_id");
CREATE INDEX IF NOT EXISTS "accounts_user_user_permissions_user_id_e4f0a161" ON "accounts_user_user_permissions" ("user_id");
CREATE INDEX IF NOT EXISTS "accounts_user_user_permissions_permission_id_113bb443" ON "accounts_user_user_permissions" ("permission_id");
CREATE INDEX IF NOT EXISTS "django_admin_log_content_type_id_c4bce8eb" ON "django_admin_log" ("content_type_id");
CREATE INDEX IF NOT EXISTS "django_admin_log_user_id_c564eba6" ON "django_admin_log" ("user_id");
CREATE INDEX IF NOT EXISTS "lessons_pack_language_id_d2e99141" ON "lessons_pack" ("language_id");
CREATE INDEX IF NOT EXISTS "profiles_teacher_category_id_cda5cadd" ON "profiles_teacher" ("category_id");
CREATE INDEX IF NOT EXISTS "schedules_purchasedpackage_pack_id_f8a76ca5" ON "schedules_purchasedpackage" ("pack_id");
CREATE INDEX IF NOT EXISTS "schedules_purchasedpackage_student_id_7909997b" ON "schedules_purchasedpackage" ("student_id");
CREATE UNIQUE INDEX "schedules_task_teacher_id_date_0749fa47_uniq" ON "schedules_task" ("teacher_id", "date");
CREATE UNIQUE INDEX "schedules_task_student_id_date_a38e15ea_uniq" ON "schedules_task" ("student_id", "date");
CREATE INDEX IF NOT EXISTS "schedules_task_student_id_afae71d0" ON "schedules_task" ("student_id");
CREATE INDEX IF NOT EXISTS "schedules_task_teacher_id_d9220797" ON "schedules_task" ("teacher_id");
CREATE INDEX IF NOT EXISTS "django_session_expire_date_a5c62663" ON "django_session" ("expire_date");
CREATE TABLE IF NOT EXISTS "schedules_purchasedpackage" ("id" integer NOT NULL PRIMARY KEY AUTOINCREMENT, "created" datetime NOT NULL, "updated" datetime NOT NULL, "pack_id" bigint NOT NULL REFERENCES "lessons_pack" ("id") DEFERRABLE INITIALLY DEFERRED, "student_id" bigint NOT NULL REFERENCES "profiles_student" ("id") DEFERRABLE INITIALLY DEFERRED);
CREATE UNIQUE INDEX "django_content_type_app_label_model_76bd3d3b_uniq" ON "django_content_type" ("app_label", "model");
CREATE UNIQUE INDEX "auth_group_permissions_group_id_permission_id_0cd325b0_uniq" ON "auth_group_permissions" ("group_id", "permission_id");
CREATE INDEX IF NOT EXISTS "auth_group_permissions_group_id_b120cbf9" ON "auth_group_permissions" ("group_id");
CREATE INDEX IF NOT EXISTS "auth_group_permissions_permission_id_84c5c92e" ON "auth_group_permissions" ("permission_id");
CREATE UNIQUE INDEX "auth_permission_content_type_id_codename_01ab375a_uniq" ON "auth_permission" ("content_type_id", "codename");
CREATE INDEX IF NOT EXISTS "auth_permission_content_type_id_2f476e4b" ON "auth_permission" ("content_type_id");
CREATE UNIQUE INDEX "accounts_user_groups_user_id_group_id_59c0b32f_uniq" ON "accounts_user_groups" ("user_id", "group_id");
CREATE INDEX IF NOT EXISTS "accounts_user_groups_user_id_52b62117" ON "accounts_user_groups" ("user_id");
CREATE INDEX IF NOT EXISTS "accounts_user_groups_group_id_bd11a704" ON "accounts_user_groups" ("group_id");
CREATE UNIQUE INDEX "accounts_user_user_permissions_user_id_permission_id_2ab516c2_uniq" ON "accounts_user_user_permissions" ("user_id", "permission_id");
CREATE INDEX IF NOT EXISTS "accounts_user_user_permissions_user_id_e4f0a161" ON "accounts_user_user_permissions" ("user_id");
CREATE INDEX IF NOT EXISTS "accounts_user_user_permissions_permission_id_113bb443" ON "accounts_user_user_permissions" ("permission_id");
CREATE INDEX IF NOT EXISTS "django_admin_log_content_type_id_c4bce8eb" ON "django_admin_log" ("content_type_id");
CREATE INDEX IF NOT EXISTS "django_admin_log_user_id_c564eba6" ON "django_admin_log" ("user_id");
CREATE INDEX IF NOT EXISTS "lessons_pack_language_id_d2e99141" ON "lessons_pack" ("language_id");
CREATE INDEX IF NOT EXISTS "profiles_teacher_category_id_cda5cadd" ON "profiles_teacher" ("category_id");
CREATE INDEX IF NOT EXISTS "schedules_purchasedpackage_pack_id_f8a76ca5" ON "schedules_purchasedpackage" ("pack_id");
CREATE INDEX IF NOT EXISTS "schedules_purchasedpackage_student_id_7909997b" ON "schedules_purchasedpackage" ("student_id");
CREATE UNIQUE INDEX "schedules_task_teacher_id_date_0749fa47_uniq" ON "schedules_task" ("teacher_id", "date");
CREATE UNIQUE INDEX "schedules_task_student_id_date_a38e15ea_uniq" ON "schedules_task" ("student_id", "date");
CREATE INDEX IF NOT EXISTS "schedules_task_student_id_afae71d0" ON "schedules_task" ("student_id");
CREATE INDEX IF NOT EXISTS "schedules_task_teacher_id_d9220797" ON "schedules_task" ("teacher_id");
CREATE INDEX IF NOT EXISTS "django_session_expire_date_a5c62663" ON "django_session" ("expire_date");
CREATE TABLE IF NOT EXISTS "schedules_task" ("id" integer NOT NULL PRIMARY KEY AUTOINCREMENT, "lesson_link" varchar(200) NULL, "status" varchar(10) NOT NULL, "date" datetime NOT NULL, "created" datetime NOT NULL, "updated" datetime NOT NULL, "student_id" bigint NOT NULL REFERENCES "profiles_student" ("id") DEFERRABLE INITIALLY DEFERRED, "teacher_id" bigint NOT NULL REFERENCES "profiles_teacher" ("id") DEFERRABLE INITIALLY DEFERRED);
CREATE UNIQUE INDEX "django_content_type_app_label_model_76bd3d3b_uniq" ON "django_content_type" ("app_label", "model");
CREATE UNIQUE INDEX "auth_group_permissions_group_id_permission_id_0cd325b0_uniq" ON "auth_group_permissions" ("group_id", "permission_id");
CREATE INDEX IF NOT EXISTS "auth_group_permissions_group_id_b120cbf9" ON "auth_group_permissions" ("group_id");
CREATE INDEX IF NOT EXISTS "auth_group_permissions_permission_id_84c5c92e" ON "auth_group_permissions" ("permission_id");
CREATE UNIQUE INDEX "auth_permission_content_type_id_codename_01ab375a_uniq" ON "auth_permission" ("content_type_id", "codename");
CREATE INDEX IF NOT EXISTS "auth_permission_content_type_id_2f476e4b" ON "auth_permission" ("content_type_id");
CREATE UNIQUE INDEX "accounts_user_groups_user_id_group_id_59c0b32f_uniq" ON "accounts_user_groups" ("user_id", "group_id");
CREATE INDEX IF NOT EXISTS "accounts_user_groups_user_id_52b62117" ON "accounts_user_groups" ("user_id");
CREATE INDEX IF NOT EXISTS "accounts_user_groups_group_id_bd11a704" ON "accounts_user_groups" ("group_id");
CREATE UNIQUE INDEX "accounts_user_user_permissions_user_id_permission_id_2ab516c2_uniq" ON "accounts_user_user_permissions" ("user_id", "permission_id");
CREATE INDEX IF NOT EXISTS "accounts_user_user_permissions_user_id_e4f0a161" ON "accounts_user_user_permissions" ("user_id");
CREATE INDEX IF NOT EXISTS "accounts_user_user_permissions_permission_id_113bb443" ON "accounts_user_user_permissions" ("permission_id");
CREATE INDEX IF NOT EXISTS "django_admin_log_content_type_id_c4bce8eb" ON "django_admin_log" ("content_type_id");
CREATE INDEX IF NOT EXISTS "django_admin_log_user_id_c564eba6" ON "django_admin_log" ("user_id");
CREATE INDEX IF NOT EXISTS "lessons_pack_language_id_d2e99141" ON "lessons_pack" ("language_id");
CREATE INDEX IF NOT EXISTS "profiles_teacher_category_id_cda5cadd" ON "profiles_teacher" ("category_id");
CREATE INDEX IF NOT EXISTS "schedules_purchasedpackage_pack_id_f8a76ca5" ON "schedules_purchasedpackage" ("pack_id");
CREATE INDEX IF NOT EXISTS "schedules_purchasedpackage_student_id_7909997b" ON "schedules_purchasedpackage" ("student_id");
CREATE UNIQUE INDEX "schedules_task_teacher_id_date_0749fa47_uniq" ON "schedules_task" ("teacher_id", "date");
CREATE UNIQUE INDEX "schedules_task_student_id_date_a38e15ea_uniq" ON "schedules_task" ("student_id", "date");
CREATE INDEX IF NOT EXISTS "schedules_task_student_id_afae71d0" ON "schedules_task" ("student_id");
CREATE INDEX IF NOT EXISTS "schedules_task_teacher_id_d9220797" ON "schedules_task" ("teacher_id");
CREATE INDEX IF NOT EXISTS "django_session_expire_date_a5c62663" ON "django_session" ("expire_date");
